{"vertices":[[-4.747004,0.02556,-16.718287],[-0.947003,0.02556,-16.718287],[-4.747004,3.06556,-16.718287],[-0.947003,3.06556,-16.718287]],"normals":[[0,0,1]],"texsels":[[0,0],[1,0],[0,1],[1,1]],"objects":[[{"vertexIndices":[2,3,1],"texselIndices":[2,3,1],"normalIndices":[1,1,1]},{"vertexIndices":[2,4,3],"texselIndices":[2,4,3],"normalIndices":[1,1,1]}]]}